{
    "cv_scores_mean": 0.99125,
    "cv_scores_std": 0.007500000000000003,
    "classification_report": {
        "High": {
            "precision": 1.0,
            "recall": 1.0,
            "f1-score": 1.0,
            "support": 63.0
        },
        "Low": {
            "precision": 0.9859154929577465,
            "recall": 1.0,
            "f1-score": 0.9929078014184397,
            "support": 70.0
        },
        "Medium": {
            "precision": 1.0,
            "recall": 0.9850746268656716,
            "f1-score": 0.9924812030075187,
            "support": 67.0
        },
        "accuracy": 0.995,
        "macro avg": {
            "precision": 0.9953051643192489,
            "recall": 0.9950248756218905,
            "f1-score": 0.9951296681419862,
            "support": 200.0
        },
        "weighted avg": {
            "precision": 0.9950704225352112,
            "recall": 0.995,
            "f1-score": 0.9949989335039726,
            "support": 200.0
        }
    }
}